cell_id,type,x,y
0,2,10.741624287393414,68.16451370742418
0,2,41.99658628244499,69.0111678700599
0,2,61.326298255770375,39.64073778556005
0,1,20.85615325433786,23.753210060829154
0,2,62.032030499427584,50.35031726444862
0,1,20.777002291884255,11.630321666532602
0,2,69.08045026703093,43.28303577929884
0,1,47.09891611591327,52.46833349992025
0,2,68.06989933685075,45.947376531353534
0,2,36.802131580279784,69.33599745241939
0,2,63.31248633329278,43.06671480900508
0,2,42.93691620035827,8.738358709671576
0,2,14.978013700577367,61.569263840493015
0,2,7.083518823832772,61.57622904288851
0,2,21.82089109917439,64.46126338310386
0,2,61.6484933538867,32.86675376145541
0,2,31.828108105851438,63.14099342484826
0,2,45.85747284784855,13.526849139240921
0,2,2.453568220523244,68.82391442765746
0,2,52.223192126198484,68.51443495696198
0,2,69.66150681661183,5.564347958633568
0,2,57.358756723451656,2.7265536276441322
0,1,40.97635609875379,45.81953412876663
0,1,11.760471069967743,33.514029827419186
0,1,33.28006849937862,26.751750254614524
0,2,40.10690392179949,2.2857126603136946
0,2,12.975818546053356,67.47398517996372
0,2,47.00585119566747,60.08471881568068
0,2,4.4146421183913755,60.81495411474718
0,2,26.99540540279306,57.93095155554019
0,2,66.7666379627713,53.70846027976496
0,2,21.135418829759274,68.76409330922463
0,2,45.05796316676252,1.3049798873889729
0,2,40.96943461120114,59.97947642467503
0,1,13.627125721373195,52.755847809703766
0,2,38.20711544010811,64.29291559879452
0,1,2.7754484181127568,32.59850256953711
0,2,19.637876791410992,68.31409157372251
0,2,53.18135749588662,69.91737347497909
0,2,41.587955969226186,60.718563384269586
0,2,38.20587789104947,4.948786598587869
0,2,20.763967937073968,69.67793651028033
0,2,69.66331675403792,50.88867860596101
0,2,43.16345203421242,0.7261772018336253
0,2,50.28219155398217,5.827022641437136
0,2,68.68649414828106,49.255806647489656
0,1,14.966146039406299,27.97647407418661
0,2,50.66723337067756,1.4885819534163853
0,1,12.078448393621423,26.715020920992586
0,1,22.39176780868143,43.62159986661768
0,1,21.838888848783334,53.957348683566686
0,2,42.20752766498413,8.24774292481877
0,2,34.94586843780971,65.13093235598754
0,2,22.69506005471405,61.90227385074541
0,2,69.10132337493222,35.9415484767789
0,2,1.05907455729928,10.898832389157661
0,2,69.25530296368468,3.07820582826911
0,2,61.00969327842272,37.69157708427469
0,2,48.079866962897825,1.586280693949638
0,1,59.42996906854041,23.695795839996656
0,3,52.89551471884903,66.63732683941865
0,2,49.913941508708966,0.8399563828424412
0,2,63.088244274509485,44.70232788514179
0,1,48.45696039588453,20.995516615770526
0,2,10.793629822547974,63.983952901102164
0,2,63.58689013997756,35.96233489984899
0,1,14.719029085885731,4.4431535492313765
0,1,30.13119957438164,46.07550326488753
0,2,5.175907034622601,64.58604280554012
0,2,68.68350266235589,5.516315926060767
0,2,61.4810363900566,33.91529726261499
0,2,40.57759654592364,10.167867843192067
0,2,62.431249764902795,48.55294822678905
0,2,56.48585214541412,1.7402587949410642
0,2,5.212123986290536,65.50618861880729
0,2,32.18652694035251,68.70130352758152
0,2,12.402903711519992,63.99491317026377
0,2,46.28991810769691,7.098268322391532
0,1,38.65509470280402,34.33279225809456
0,2,14.711447550666845,65.62383665108388
0,2,20.986396954716177,63.827740699769265
0,2,47.757115699128676,8.991838345889851
0,2,10.57481674102623,60.670340876841834
0,2,36.68599431537009,6.290804921483037
0,1,15.760730857903406,28.895167766331184
0,2,9.527594934306178,59.092130094089704
0,2,39.208754165965615,2.7787185104420873
0,2,31.63443426100339,69.5070614690838
0,2,42.43999433795764,6.592498135448014
0,2,38.58462610941827,59.10262333854294
0,1,40.88679127829139,25.318249233181227
0,2,63.80213011616899,47.2520258892066
0,2,1.8185309357649653,57.068814244616746
0,2,40.650698080916335,4.067038628487013
0,2,65.71644486112467,43.50818256285384
0,1,6.380624257143713,38.62902784297209
0,2,47.23987858042454,3.3284365964610623
0,2,51.25948852252207,7.3530422125495125
0,2,37.9326025028542,9.602295752229956
0,2,5.319633642902085,56.60019358666839
0,2,63.466731003574814,30.664355578755167
0,2,42.00766818477513,66.98362580932496
0,2,49.731049373250364,63.69146257560436
0,2,51.87196532637507,66.23614312371781
0,2,39.84097947865805,68.74216471604466
0,2,23.62784940633342,60.24309573032174
0,1,53.41123483028382,34.172819762672674
0,1,63.31108591033603,11.147538314731335
0,2,38.68657663470602,62.528187833152444
0,1,28.95880449233465,12.384366351079978
0,2,36.7538983600745,65.09579447883667
0,2,9.04531616999234,61.214978970615114
0,1,14.559796545187643,19.982434427805902
0,1,50.540544383220094,23.523230130772216
0,2,8.86734007125999,65.56772535252684
0,2,43.15018546669105,9.585324262364129
0,1,1.5152252866414953,51.38909005253573
0,2,65.77340468792148,44.805139044221704
0,2,35.74079270683321,11.11084204431513
0,2,1.718338731444957,67.28369340762434
0,2,3.0398769921932858,10.601071761046171
0,2,42.107059222315705,68.0242804353017
0,2,8.925055924307907,57.473224394912215
0,1,9.5125657172556,5.625284300184651
0,1,46.01421480603085,22.556448529092215
0,2,12.193114615264376,66.90808324197731
0,2,42.88365147026532,67.33807732657634
0,1,35.022236540674875,35.93755005738038
0,1,30.055505683178268,32.910807571886416
0,2,28.932424706083808,66.02175387118018
0,2,61.95635787412706,41.887670285997494
0,2,60.068032526258335,41.483783265816605
0,2,35.1531115768455,8.76760525418496
0,2,28.13307510754649,66.4907931504197
0,1,66.116283705242,65.98400658395097
0,2,22.715806846736257,67.8735605832563
0,2,6.138061605319697,54.99788827924065
0,2,9.125196563224483,58.33257299688866
0,2,5.250130600990721,55.44008726982782
0,1,40.184671373340905,52.31625658243958
0,2,15.33454831746179,68.28120855085433
0,1,52.164851674808006,32.206841885652665
0,2,48.11001550386755,63.472810968443596
0,1,3.97462539432804,47.94184564147115
0,1,8.855998466373013,39.056784378058666
0,2,42.06630038402658,2.173829316740185
0,2,13.184997164587339,63.445698836230875
0,2,62.84931860345585,37.524797215550954
0,2,2.712661841379525,55.010193076570324
0,1,21.60650155149572,19.52257359805922
0,1,61.66463474533924,23.092850039811417
0,2,62.051248777164744,37.15420237748406
0,2,37.605506131561576,59.00590612036248
0,2,3.1921209367725742,63.06790864588039
0,1,28.38122754367546,14.353660585911044
0,2,60.46515964366525,43.004843312407104
0,2,68.43600764514417,6.8883533988650205
0,1,14.352568379249728,13.839537692785147
0,2,45.58375155868061,63.34974415393366
0,2,53.13432449342734,67.71079078388699
0,2,40.04784266244915,65.78476809581089
0,2,67.61334135989385,3.006643209028891
0,2,27.774954479147176,63.786205303039495
0,2,62.7311138483092,43.83482873273498
0,2,24.740307078381797,64.24884054914641
0,2,11.297033802299778,67.36531309946592
0,2,66.1693811913529,38.28399956472622
0,2,62.247723887056075,39.98516179812372
0,1,14.044572393631665,18.939790706672955
0,2,65.54287855214484,37.55878840564721
0,2,8.241785595011018,58.600912591410456
0,1,32.9128880340734,15.847392512085097
0,1,20.801056619069595,41.38839087244709
0,2,8.906841599041181,68.36898983544543
0,2,69.04433854608367,51.66954497566443
0,1,6.172791613765737,48.55110408691008
0,2,49.802490399677765,1.9729040337951742
0,1,30.957973301027216,52.772867424399095
0,2,17.53545644236042,65.1482459125101
0,2,4.340901126418719,67.99996906448885
0,1,41.198699819973314,20.16869369239161
0,2,40.373504519463076,59.20940934246956
0,2,65.97516986061297,54.31456711792486
0,2,0.16245802548820004,54.329545969541655
0,2,45.78740096167596,62.387999749172955
0,2,39.1089377525651,9.471965969294322
0,2,66.8677914366863,49.48805920912888
0,2,18.707371140335177,68.09579499028554
0,1,16.094641434362742,33.086772836565046
0,1,9.112066763871745,27.87431995878983
0,2,18.58678796740394,63.57053084216773
0,1,14.577427617270668,25.995740938708863
0,2,19.702595734363282,60.2078822973019
0,2,67.73856982497323,38.46819490918518
0,2,63.36256932651328,33.32592149665371
0,1,50.438666746227874,46.23790460679461
0,2,61.48510274952665,36.51021895744078
0,2,32.127483023134104,64.4742965571767
0,1,56.87375579622515,22.099409971803933
0,2,3.0478618446660826,64.94871199263734
0,1,13.301215344988938,48.30319951641763
0,1,16.22023605886008,7.888689620050755
0,2,14.854592081750328,56.91638746651306
0,1,32.68120102417594,7.613269661778462
0,2,28.395184456847364,60.99748953801358
0,1,17.428016900381873,36.83269436982914
0,1,14.03173199197858,47.53046366154752
0,2,58.66570547928403,37.767616060126954
0,2,6.870793581988377,69.45224759240566
0,2,68.88952635159184,44.453657169250114
0,1,40.499618063060055,26.163640502838547
0,2,22.7544095881043,69.82992051268202
0,1,34.41943793683633,45.10427299091333
0,2,67.87562315751629,6.073768736186033
0,2,59.113665796023156,31.24811628603973
0,1,17.579967878940415,56.36172483298456
0,2,45.90287525384681,10.932747711173858
0,1,43.25689103950544,20.356225695961097
0,1,38.305956203205206,49.967430730106685
0,2,42.48132788411474,10.232633384111562
0,2,2.1008407749090914,8.635957324714978
0,2,47.831080464668446,2.539487880640265
0,1,37.02598146084041,41.164866185045376
0,1,31.793501135745533,51.23083329652648
0,1,36.792575543625304,21.51019676900775
0,1,54.22680980490295,29.646786924835848
0,2,13.256497568488285,62.460221600720644
0,2,41.058009566009815,9.306116712827174
0,2,33.75851836539365,4.299877301549357
0,2,68.38337225901923,41.08043374202269
0,2,27.534045051309434,67.64104212097158
0,2,34.724598263905854,64.15157676838535
0,1,20.21633305624882,8.543348753456444
0,1,55.66710341683664,46.51752846099464
0,1,32.00929819556909,14.547340930585076
0,2,66.76862924409807,37.517584842692386
0,1,59.473465923068765,12.921384594482634
0,2,60.34551992256718,49.80471609596457
0,2,35.7351610039175,6.0404692838408955
0,2,66.82790941682228,48.64721330625308
0,2,8.269956633109262,69.96737888964014
0,1,14.399317799235154,14.578009773702878
0,1,33.16166864504261,51.753226003011164
0,1,16.294837888617575,33.838887063553884
0,2,32.83137446433599,63.67590194148445
0,2,67.57375718840582,4.0450174122085345
0,2,39.0071837935872,57.49385988808049
0,2,62.638072033519066,47.14946710811134
0,2,46.533244697068376,63.1119886347907
0,1,21.062074519641886,36.28189672952761
0,2,38.77584500189414,0.28924182546607247
0,2,58.75236720519675,40.130926098801886
0,2,68.76398624030725,4.504179416138414
0,2,58.756570988128864,35.829494846048746
0,2,13.948815213098815,65.07622395613433
0,2,67.96754197910317,54.91221504738674
0,1,57.050218709701454,56.18146153589748
0,2,9.05531229280443,55.488685253135166
0,1,33.386069916907445,59.11391419904724
0,2,65.623951295738,41.13305148817479
0,1,28.027741447562,21.304030150892387
0,1,36.60756705303037,14.52797974446948
0,2,1.64373658110729,68.25247367351174
0,2,36.88559961033854,58.328124722897854
0,1,21.883958137948202,50.23367337805228
0,2,44.61770009601114,3.7799781825131697
0,2,40.8643875780203,64.60914984874493
0,2,68.34020957147594,52.36682859819987
0,2,29.300542458564685,64.82109782088371
0,2,53.34684698218194,6.407490245163836
0,2,64.04330730311202,54.056192908876284
0,2,61.4686586602958,1.4340193871153104
0,2,1.7069594275732016,66.32239945926976
0,2,62.72688545910978,32.543993829036076
0,2,26.232819710079905,58.56658348941337
0,2,10.444475464119954,69.24408062063615
0,2,55.457462226699406,3.6630483448696096
0,2,43.314405414492086,61.13708238000712
0,2,49.219530933624526,0.12378137054618822
0,2,35.97160425264366,1.5686601479238909
0,2,41.148705724592354,68.54448774170577
0,2,43.79104407492709,6.481164508321338
0,1,34.902102443709474,39.66136059125073
0,2,20.607231714735573,59.70475813159783
0,2,60.329318536369506,3.053344052828969
0,1,33.594555012358974,40.32579552460445
0,2,20.271429288009983,63.08387926456923
0,2,57.82903223270061,41.317025116910365
0,2,37.50032794139531,66.04383933285463
0,2,39.77763140157715,12.147720042330628
0,2,3.4668472533988592,55.918229472333884
0,2,5.2796192696698,61.13841379128427
0,2,39.34017130995708,6.654705771748993
0,2,63.882064502385845,45.40072390455318
0,2,20.90682156203374,64.80415340854023
0,2,38.33014452576234,66.46090552673037
0,2,50.40141510067194,3.4291536075421436
0,2,40.3668404716374,67.97214991784523
0,2,4.0830272678745,62.77368371306541
0,2,52.119096023477596,7.861134856669218
0,2,41.150846329873765,66.56346187274498
0,2,35.54638703117975,59.923349623784375
0,2,9.162215702007572,69.30235297793826
0,2,38.29491717329877,3.149195200422796
0,2,11.456956153417938,60.45063916071676
0,2,39.99104862468085,63.87405862041932
0,2,0.11831513029234768,7.195016346386081
0,2,8.156838179545227,56.70699803373087
0,2,0.7716287570831009,66.60005329271036
0,2,32.5279302462684,62.42973567084423
0,2,44.25519852968692,60.96195577702504
0,2,45.93541723672327,9.96105933359343
0,2,45.90606748658608,61.414716419369384
0,2,16.90164629446006,67.44541168412012
0,2,16.249166830761116,68.11659164854828
0,2,3.4429529159418717,67.436367633837
0,2,44.08305311883482,7.3804503387122935
0,2,13.90681552820722,69.46520015329968
0,2,66.24101892635262,49.79051666592469
0,2,14.634137094402863,68.87392895211636
0,2,47.82320555513347,67.34016265089768
0,2,2.1463587961673647,64.54209437341282
0,2,25.715130335052585,69.81034906337844
0,2,12.923175761559596,59.26832161744538
0,2,34.03359020388643,64.8441762122346
0,2,9.70417853275518,68.20725365379448
0,2,37.85538100415397,62.12271282970704
0,2,12.403610600484846,62.93240235930272
0,2,58.354169716472875,42.38594924588093
0,2,23.144775716803586,61.07169874309859
0,2,36.92284238131607,62.28981387916085
0,2,59.86591175276437,44.50030725790274
0,2,67.63974775635502,40.435228006589256
0,2,17.78274449500869,67.82911459813202
0,2,34.42092122250426,2.689303858611488
0,2,24.598974776770614,68.89140069756012
0,2,33.905828490594054,67.90713029686114
0,2,53.80605896939573,2.767589488796579
0,2,31.939692467159126,65.54612445154362
0,1,18.962308639758636,45.84553251270139
0,2,39.038978347834906,12.894701340877136
0,2,64.93538856644969,44.05805384621946
0,2,16.881000357690947,69.59641090037371
0,2,25.333066747903416,58.97411258711721
0,2,66.81201844131996,36.54307285789558
0,2,66.80727446044384,39.90615531058418
0,2,2.620167854144262,66.87881394593164
0,2,46.368613613208204,8.085314383460586
0,2,60.25819390383786,34.44951291165597
0,2,42.066131194077904,11.092625435136537
0,2,6.171554612579703,61.33999343601008
0,2,59.8239723634491,33.606743888351986
0,2,38.69732659553118,65.1941715063898
0,2,12.341543616019285,64.97790297910547
0,2,62.41618562984601,53.128434087464846
0,2,2.2744938973722655,9.960238306940255
0,2,5.379925148406264,66.58082976919528
0,2,25.07130178467345,61.30203739709697
0,2,38.42972301210888,60.06156995184147
0,2,65.70691331759244,3.408946430101082
0,2,67.83112528328898,48.77187094796278
0,2,54.09660148784292,69.47291643181528
0,2,40.421656893778476,69.4713148609358
0,2,23.737383353887473,69.95530995623211
0,2,60.904635089801886,44.93038618018295
0,2,41.07976296439286,2.160912995393572
0,2,4.045595133719629,58.73545223448095
0,2,62.32429304697323,42.97875514106433
0,2,0.6056143838028631,64.28286947388426
0,2,10.518497975970186,66.85213281786875
0,1,44.255918937189485,13.09600098723691
0,2,64.89281918981935,36.8191845762578
0,2,7.883421695945667,67.00816718446866
0,2,69.81322564982648,45.012833762069434
0,2,64.97745332660068,54.40497275793454
0,2,45.75656039407772,5.423705074394027
0,2,55.081747427971614,0.14700445060843498
0,2,54.01139341953313,68.44726280854255
0,2,0.10610071440341914,10.60708548353867
0,2,37.730821977674005,65.12451707588264
0,2,59.26425617551222,45.28461938642338
0,2,6.745441292573753,59.77067525754405
0,2,63.42477206347195,52.978669227391634
0,2,27.99369295269694,62.82459483394358
0,2,38.57204783178848,1.2518679112719098
0,2,23.6250327923438,62.191992473147444
0,1,59.700261707681015,28.60621691597151
0,2,36.081684511041566,3.35500417547674
0,2,68.34282281862652,32.68998666711484
0,2,63.334074568304885,0.7310275097837092
0,2,39.51206837511342,1.5186926894018111
0,2,31.4785771760648,66.53843146993638
0,2,48.80346801968884,67.3850241873122
0,2,2.096221229111502,65.46362417839663
0,2,64.02507254996301,39.80130737402722
0,2,26.51643692051597,67.69431830170551
0,2,23.312269057758503,21.89111888860984
0,2,10.336880310705832,58.72928629890591
0,2,67.39621558693459,41.38728578116746
0,2,22.28573456883417,67.0051050431738
0,2,34.551766106860796,3.7278389194388852
0,2,68.68803498791038,1.3727343925430664
0,2,37.53381881766997,69.98159477671079
0,2,42.87404281623657,5.734497552948099
0,2,23.2062969753473,66.68476498991768
0,2,62.11324439995851,5.7779869568998725
0,2,28.343478443821727,64.58558280245087
0,2,20.29067049380225,62.10930432052461
0,1,62.05372387092136,54.92085026676994
0,2,6.0808042870999355,65.1851158967067
0,2,48.602346296433204,69.15447762452374
0,2,61.816786348088705,2.8643284323826124
0,2,25.42403717181365,59.96253302080422
0,1,65.7272639464707,58.32082186595604
0,2,11.464849014362619,65.421507552933
0,2,4.99764026925402,62.779891550086745
0,2,17.344899484183202,64.21979392349155
0,2,3.9000844253613067,65.43023292902548
0,2,49.13521422780976,64.49334348195406
0,2,62.02275278373204,51.305652007151345
0,2,16.790174975225,60.627732306695734
0,2,0.6595368166945663,63.305533817257924
0,1,36.662123692343805,15.439362957703008
0,2,51.15757869857098,5.357310906441568
0,2,65.85716030767259,40.17954920715021
0,2,46.703979388485536,62.08776460424567
0,2,46.05867502300431,59.13973965772711
0,2,21.15266470611636,67.23399574633777
0,2,24.08773902905466,61.316463811501
0,2,16.48941974193608,64.6047001808707
0,2,42.13905190563352,59.49808114488789
0,2,50.9068217746458,66.47692116104615
0,2,43.58939208043445,8.12708319322059
0,2,13.589659881469741,58.584390932847356
0,2,46.04643676690423,65.03757997067785
0,1,35.69306788971772,54.233897391939685
0,2,47.254035090442336,6.991815344893638
0,2,18.415109294165084,61.57685495547137
0,2,42.28520644120127,1.2134591837166078
0,2,12.260285447614619,65.94306654876056
0,2,46.09259327669481,60.42348162670681
0,2,39.62742466096713,10.286870165465231
0,2,39.76383831071389,61.405106233928834
0,2,43.073121042365436,57.9607570403519
0,2,43.702121853100145,63.80551597464789
0,2,46.86251368036166,9.393891555348281
0,2,49.780485451173476,67.26252315620314
0,2,0.23410855039658332,62.2951902419773
0,2,36.01464825546814,58.81023186811876
0,2,63.67073671919523,41.65113024385573
0,2,67.40447014467748,44.263005731216666
0,2,17.86821375023903,60.75223263810807
0,1,31.52749754641489,52.98104838801379
0,2,42.92849300904338,7.428496108648157
0,2,33.1134223517322,64.58304309669728
0,2,59.25050248590142,38.569063448670505
0,2,42.30219145782118,0.22402159198392588
0,2,3.2830184871345423,14.22049566990853
0,2,62.45474991245709,49.50331636583535
0,2,69.20791484659634,35.20839558330973
0,2,64.96363295319219,32.44417560999947
0,1,4.869610563885875,8.255227626391154
0,2,30.764943348039708,65.86367236077392
0,2,2.6286928725997507,61.23159919018429
0,2,36.380600939762274,67.59691336376544
0,2,43.87857769368212,68.97645501282818
0,2,17.735367685555946,58.96264671919094
0,2,41.97979154310653,3.1506029332904886
0,2,46.26032848043252,64.06812959655706
0,1,54.031888901404116,26.036619963816417
0,2,34.82356055424494,1.74446661609102
0,2,60.203649494129536,35.37327275959024
0,2,45.63047004103153,6.375570143043998
0,2,17.280341512106634,61.482769598628046
0,2,51.04030155959475,8.529700205140951
0,2,63.09920747812271,6.725242612957472
0,2,33.71643939883869,69.917762120432
0,2,7.831994238131433,65.19833165299063
0,2,38.56557341252683,56.602332157407666
0,2,40.9611812119544,65.62619396684212
0,1,47.85212957703153,26.695321889370405
0,1,30.033968484506342,34.15243942230608
0,2,39.941663948251914,64.8379963164546
0,2,67.76682546447647,36.48838038815551
0,2,21.879950610200616,63.51054679410849
0,2,20.06380683081152,58.40440268771937
0,2,42.365412162122894,61.281111346536356
0,2,64.51536733198726,33.27921467444543
0,2,0.7757582594951761,67.58094022897939
0,2,41.23039072231394,67.55315106203163
0,2,1.0895386778832836,53.960401662494
0,2,1.7290265032723662,60.89712613862558
0,2,49.351122975211716,6.184982299566703
0,2,59.63177312916246,39.47829301166337
0,2,39.59314413201781,62.34168210838222
0,2,69.37665570264518,41.11341472613348
0,2,60.88219147438649,45.970749003018746
0,2,12.959689219273637,69.36891597741248
0,2,37.5681912943887,56.57004477868368
0,2,37.48347928580496,5.712298925368077
0,2,25.544539481946604,62.46700258129845
0,2,35.50599712778753,7.844190228958405
0,2,42.598369403670276,3.9705839298189725
0,2,2.8510072585464488,15.122249201576963
0,2,19.878174402310954,69.26164308137193
0,2,69.34050237352683,52.75817709501049
0,2,63.134798716240304,39.39228884542784
0,2,63.834109526621354,5.062704791819314
0,2,59.622507620696965,40.604065601020636
0,2,60.0173083594163,31.657788855420232
0,2,44.10591910866469,57.652795743165164
0,2,31.18580867739538,64.97153612529293
0,2,64.43514784485241,30.810362329729127
0,2,61.39947385689229,42.735405909729586
0,2,22.68366115365292,65.08417538093128
0,2,33.05409069697922,68.30533120505551
0,2,9.555748207163044,64.47580770338712
0,2,58.96191041963814,32.73918306007176
0,2,52.009691630597366,3.6361491701886846
0,2,7.783368616396269,63.388817049695426
0,2,40.626663121611834,12.670536097967851
0,2,1.227725501508533,57.858768466933576
0,2,68.32780633573532,33.66035547011899
0,2,64.5446209830571,35.91181877180248
0,2,9.963157878766953,63.635885632584625
0,2,45.338604337505714,64.36616276588835
0,2,6.445969435187284,62.246561098555865
0,2,11.565448602686887,64.46563388632053
0,2,66.80228327149746,45.02961610218614
0,2,57.05175044775294,0.9162466727513008
0,2,22.012769710643113,61.23842423093379
0,1,19.545229592976174,53.710519374208914
0,1,28.85592164689611,50.0536106316435
0,2,16.49025736739269,66.586846377532
0,2,66.46993253561746,35.63397544751397
0,2,22.617281539802438,68.84968318951495
0,2,60.33796203333434,30.712500177984623
0,2,64.00222473844862,44.407657296403755
0,2,45.585670890453315,3.7522174978506504
0,2,57.96102248608139,32.70473960161152
0,2,41.90434990312662,7.387621307638004
0,2,67.4567844444301,47.866483970990146
0,2,40.55291756169658,1.3120724690559777
0,2,26.44526750937544,65.13861655759851
0,2,6.287264983601033,56.929314885473055
0,2,38.230366924335144,2.1657320135958305
0,2,33.83333310964696,66.99215867679443
0,2,19.434503694263263,57.67411460278759
0,2,52.178928397352045,0.7027360267890138
0,2,17.19209232361321,59.76777512559828
0,2,21.696115930578642,57.6329622421231
0,2,45.36119351437893,68.50369152741536
0,2,42.568396802440546,60.35839966621565
0,2,9.993710848929213,61.45441805522594
0,2,67.47550854050942,33.155629031290594
0,2,66.69232570798361,34.69308243799931
0,2,23.528986078771663,59.27724468581897
0,2,45.83141830205936,69.5242493004492
0,2,10.793970550126582,63.03889153449599
0,2,65.4349814243296,52.527879264910325
0,2,14.69641651139109,64.5049191342566
0,1,9.120756255804258,30.196528288719776
0,2,11.618196929134779,63.478794143338085
0,2,69.77108089717669,44.01130289851428
0,2,8.6271300699517,64.65581210254882
0,2,41.39580841293984,0.7825821012367072
0,2,53.99906168574195,5.497251129683399
0,2,67.29190638025361,42.36268350524433
0,2,62.89085626384608,38.47193735439723
0,2,7.173296349441523,57.30357402397071
0,2,69.27929193657856,47.351372534595455
0,2,54.99128950746172,7.051734158176882
0,2,66.09503795512859,46.73808671582714
0,2,1.0942722423882758,6.979789044465659
0,2,46.2056623615667,2.996651442329291
0,2,61.709672441030875,29.660199247702916
0,1,29.14014431196,45.39830602506967
0,2,64.33200886419804,0.7545075604532194
0,2,3.024234981222493,69.61994470728878
0,2,2.452091980020477,12.053017102865704
0,2,45.173918333231924,4.644034236619919
0,2,40.081209769236274,9.306736971639076
0,2,20.805459989866083,65.77106747919801
0,2,67.09450068036124,45.97474671119548
0,1,25.205847220985344,41.06461150506007
0,1,41.6270768389555,37.341119679224164
0,2,21.08290173176251,61.5365635878808
0,2,33.83459253982944,68.92387346010277
0,2,37.23509186344088,1.7178469593503212
0,2,48.23628692647978,66.43799608965553
0,2,58.995734414718896,34.15088097367036
0,2,64.02482870508736,40.7731475468391
0,2,68.41641086459057,35.7737104131093
0,1,8.329659834986009,30.439253099543283
0,2,66.48847019291381,41.80284697964552
0,2,9.683713898301587,60.57213907631941
0,2,62.09067003150402,30.557128994525364
0,2,54.81388864657885,6.07028730184361
0,2,3.3579822489740883,13.223413141772799
0,2,7.225219418234465,56.3535212612804
0,2,2.449030695443869,60.28074810972324
0,2,4.681358139516946,68.90087789123973
0,2,9.91948141899258,57.83144275413732
0,2,40.36820890173126,67.03538047249211
0,2,22.556816185183127,59.384030117867695
0,2,4.874963693197838,58.30256694695688
0,2,11.399123149213993,66.39750993742106
0,2,5.668825921431438,54.128145217523425
0,2,20.723486616201132,57.706546309377984
0,2,64.98643975291515,42.886685354439436
0,2,45.30440993545204,59.77940596179726
0,2,31.255089053726532,68.4013851481223
0,2,0.3573661092768402,2.707834994564348
0,2,44.19514519814198,4.648962886586036
0,2,61.40234763167492,46.81951384863801
0,2,37.26286227346119,64.2676189950185
0,2,35.472852297555214,5.070031539680683
0,2,64.67976713956912,4.554464434117488
0,2,66.46159914204016,44.102196736369265
0,2,5.472421508590285,68.37615695115787
0,2,1.5530718511091683,56.132391269960756
0,2,16.343218696022557,61.45824555612975
0,2,1.4511481512768891,69.21544111558615
0,2,53.383114165537364,1.2119993904675483
0,2,36.706030692930064,0.8805061433313931
0,2,22.48143410756992,66.03458290938185
0,3,10.473898747797495,54.73900631231398
0,2,65.8784506098904,48.88084112756959
0,2,69.8389501341829,46.01518956843316
0,2,40.856631031963325,5.821078693863372
0,2,19.705489773262695,59.27280558835674
0,2,68.92614674178908,46.43043418967399
0,2,66.8014051928054,29.995444030608148
0,2,36.3657234238148,4.366623001663544
0,2,21.494099964023814,60.43362499312021
0,2,38.439278817817325,8.76288749029493
0,2,22.486950809510454,62.806412766000754
0,2,32.91031009778868,67.32095768745425
0,2,7.166017635003512,55.392307641688355
0,2,69.78290640323549,42.09715948807922
0,2,38.72113476629483,11.970862599103747
0,2,54.53442827375178,4.65565272728275
0,2,15.689976302260325,63.02596916535304
0,2,1.5932766135928533,1.140413841201705
0,2,4.342388555943745,67.04980120798713
0,2,24.725514208027235,69.872205890466
0,2,48.28790185584085,0.47216909972228
0,2,6.917904100129725,63.89642675958229
0,2,36.442023008200565,5.347660014867631
0,2,7.491138335023505,59.200059668613676
0,2,1.184814793166088,62.49269613429249
0,2,44.20874933585198,67.25760726561263
0,2,9.181112508004706,59.865611232900065
0,2,65.10603280319893,2.6664365238536223
0,2,17.05196001434099,68.62892820615325
0,2,0.1664780571691387,3.6893873362122194
0,3,47.54192011050222,4.3744987908916375
0,2,34.980428613758946,6.997825934523907
0,2,65.11196644613099,46.79354530648478
0,2,68.58962295256818,38.97065040963817
0,2,3.6889391920885712,61.998725239451296
0,2,49.22586199113989,66.43702674545237
0,2,62.790546348588954,35.39075911516136
0,2,60.87056075648815,32.15530190763595
0,2,24.639164277400305,67.91042074819947
0,2,50.39790150250921,4.422354025905549
0,2,11.310871790271579,56.832162242742285
0,2,32.46106014065062,66.43840104964396
0,2,45.17397931140235,58.668765667632265
0,2,17.66329654032287,66.8800410429789
0,2,9.184364423076785,56.60212375243271
0,2,62.37509813538365,2.0424367295047703
0,2,40.50562128996749,62.02253799270636
0,2,13.763405883959427,68.13287686560734
0,2,17.28010049026312,66.05665541554261
0,2,26.309401552242974,61.85678382805159
0,2,13.17418809734023,60.1989843187005
0,2,53.01763695421929,7.342356527598696
0,2,59.31406628155677,42.12563866295724
0,2,36.26566721776681,62.97491404083516
0,2,19.02322329881491,66.340472982876
0,2,41.27308625426542,57.99573999821368
0,2,40.28907876720173,62.96732920830534
0,2,65.81801898831412,0.8576250591223932
0,2,6.156936354468979,67.32118752571621
0,1,55.55168419685354,32.108946408080136
0,2,69.65051040470142,49.48417620912537
0,2,66.74022981903799,0.3564621167851209
0,2,62.39354469674547,33.505595960560335
0,2,24.61222111645657,62.150203115371454
0,2,9.840650746207421,67.5423404336755
0,2,16.05450315042029,58.178864418281215
0,2,35.780561173379695,60.88240588496995
0,1,40.27061928150075,19.9509950959724
0,2,46.52510661837859,4.009217954246643
0,2,4.237078291120363,59.87184335074646
0,2,13.822100105042102,67.06851168498778
0,2,14.662231678536575,66.66179597290173
0,2,46.879160241702465,2.2822911165123334
0,2,3.3854975213564056,59.39128862880034
0,2,61.594784441035,52.16189874614586
0,2,69.38996070929392,2.084796580801203
0,2,61.169967493107315,53.032445188188035
0,2,48.610644447253854,65.347672529762
0,2,10.13022127904412,56.88149515522871
0,2,16.526946577894428,65.55391375928293
0,2,16.12857510226745,59.75037986877943
0,2,40.37085580998248,8.352456925958906
0,2,42.23811717031827,58.511255025486
0,2,9.352333198309093,62.992109356625114
0,2,66.10250561131186,33.930170502005005
0,1,39.137785296021185,22.278901837098402
0,2,12.092299534747443,67.85632406312112
0,2,55.26082490825058,2.0856739021294186
0,2,17.999948808820847,68.77066554058862
0,2,48.59711104546615,4.162866286404515
0,2,36.95417752094044,12.074862162877423
0,1,27.226372805894854,28.146484603542206
0,2,37.238604536924385,4.772931186035011
0,2,10.610646132008261,65.88384479318367
0,2,8.095624423335765,55.73287543659576
0,2,22.47660176740629,60.362396401228864
0,2,2.0884003763722396,14.414915117674617
0,2,8.460713988232609,62.76401133386368
0,2,41.40706572102057,61.68416901258607
0,2,50.667934424267706,69.1112375536872
0,2,39.17723082914092,11.132720803885208
0,2,35.17740768939265,66.14515929241252
0,2,58.344570587530804,2.880312359970461
0,2,67.13777598214158,30.93195010915588
0,1,26.92400935812392,0.40282840775989814
0,1,41.00846236551546,36.672471590765625
0,2,47.75826910265025,60.72667760769259
0,2,27.681172516001478,61.71816825198729
0,2,5.845977352029383,59.54192501012191
0,2,64.92460566281608,40.44906697648791
0,2,6.958726720920268,54.438444226541385
0,2,28.99784180685809,60.20255195888382
0,2,48.1383757088792,64.46884945826494
0,2,0.8372757742242718,60.544155791421005
0,2,41.32348975982408,58.9767064774774
0,2,19.94091152443478,64.97118536113597
0,2,19.862133794031735,65.91966496314205
0,2,66.50786495111734,33.04366104048002
0,2,39.31690012298689,58.439381881175954
0,2,7.336654586801289,58.263132144219995
0,2,61.83338139601617,35.6051121453712
0,2,19.176618784805264,64.3631022376224
0,2,20.54239535009101,67.98330753061639
0,1,66.80796950306092,17.296479320433498
0,1,54.90647630102181,55.634814261425745
0,2,52.874413212067594,17.147477641157117
0,2,48.18710025849629,68.26193337287121
0,1,28.386111875501005,54.99676439802317
0,2,0.08731230196177792,58.52399946369836
0,2,33.43735637000029,62.83119023897105
0,2,0.05058921505467069,61.30197061360016
0,2,60.96939264326019,41.86811873248789
0,2,26.404650702651292,60.06432961528204
0,2,8.364488947077763,61.838817457024376
0,2,66.51124642537687,8.172755561413275
0,2,38.36742401399235,68.26406565500699
0,1,40.82297907414955,24.714784464543463
0,2,39.811592089570134,7.5189891404909375
0,2,43.158105746311826,4.792787469935542
0,1,27.82767405343535,28.063542437728383
0,2,34.780520376536614,67.03096033855176
0,2,34.848854618914444,61.18503590135133
0,2,48.624415663475816,8.31272791667304
0,2,44.072288973543095,1.1911590275055852
0,2,43.52741734917015,68.03750617232754
0,2,52.10646041254397,2.434814846402766
0,2,58.82410609183971,41.21880493093198
0,2,60.433810366591956,40.039225116870426
0,2,34.522825218573594,62.116053553345324
0,2,22.960894760083836,58.47716990960519
0,2,44.46675662696924,68.19256765883938
0,2,42.06634439181691,9.26648504984835
0,2,64.66556442120313,5.701445859376805
0,2,69.59699312719708,36.38736900247745
0,2,59.43964834980295,2.0010067191985477
0,2,65.97958113355567,30.55630069906485
0,2,56.010351636857294,2.7534685490916466
0,2,11.698074756739926,61.370017813680214
0,2,61.46750307680635,48.605675064358465
0,2,50.15177624355466,68.25712356102581
0,2,44.18420378545696,11.044385138586664
0,1,32.49035893948108,56.29781072025419
0,2,15.74729026710718,63.90666274848179
0,3,47.68745327404403,5.545662477743776
0,2,6.048769404860203,64.22053450790946
0,2,63.03860594030552,34.25403514218359
0,2,0.7087794849059216,8.666873605499838
0,2,38.75930415158515,4.129424971890096
0,2,69.74083995819821,38.08482657943208
0,2,43.77178436744527,65.63543175650864
0,2,61.6439049342533,43.693065098226874
0,1,13.849314919997775,41.55042280822619
0,2,46.47631494568736,67.5933190893279
0,2,38.16548359013625,63.33284268383169
0,2,52.02686528196124,69.4987838609966
0,2,27.38765341336487,64.84551788644525
0,2,25.07103915610894,63.32308430414177
0,2,68.2164572727627,34.806510359176514
0,2,41.80890030027346,64.0555197636493
0,2,59.2811361274333,0.8158254032364326
0,2,53.077126136214304,0.26933807717367375
0,2,69.62390774164433,1.0219921685694073
0,2,43.51034918472598,66.5946171459614
0,3,48.429250502196695,59.60607992426415
0,2,56.44857250788761,0.014770204586767924
0,2,7.614966482172717,60.1590854811558
0,2,13.895867388308812,66.08077496580897
0,2,49.65623104359956,5.06339628087746
0,2,2.4860016246512964,63.68490609020007
0,2,14.040223629437431,57.723876929150144
0,2,13.265807833359728,61.48643579234924
0,2,26.83442622640107,64.0533493694699
0,2,37.80214682755945,7.79242602575376
0,2,1.3039345999005927,3.0724583632540785
0,2,58.56623043662498,1.5147247247793643
0,2,59.45435849416624,47.058580363145694
0,2,64.6743501067114,3.56533525882077
0,2,65.85646679865707,36.64721953050339
0,2,25.545875191637656,67.58203962699284
0,2,0.5508129262826159,65.64197255729563
0,1,46.21290312056874,53.353243004022154
0,2,44.68545179205085,5.979102949621594
0,2,44.64195165769712,63.55702374258463
0,2,52.058772505676615,17.72539344164432
0,1,19.69083970841495,37.56387311190484
0,2,38.41896766385593,6.954314160777671
0,2,1.5734992206112284,59.84905721194712
0,2,47.65381919468607,65.63853078447872
0,1,5.272968296794008,22.473073995454783
0,2,32.00325604521036,67.69622250392858
0,2,69.08174960158813,14.991296726362231
0,2,2.5052240026160324,55.9719657512147
0,2,39.784279029466795,0.5709750790862123
0,2,20.05521786233827,64.01654739585257
0,2,47.02054867423225,64.87862717883401
0,2,44.078309205017604,2.9789426625068733
0,2,54.77382555669238,2.9494035426016953
0,2,36.73332405816275,11.129212214500182
0,2,50.16928793420648,6.81187141178621
0,2,29.812736000892027,65.66091272499057
0,2,14.038549124332098,63.000368102363176
0,2,29.021578025789076,63.87166286592816
0,2,46.632690233279945,65.82464404789435
0,2,41.097689456919504,11.025420745774802
0,2,60.69758842857975,43.967086299490255
0,2,33.574871046935954,61.84646514712283
0,1,13.00216011574437,43.41860733414924
0,2,11.1533316087368,59.527814061908245
0,2,64.67308277696432,34.9466397969075
0,2,58.12205618348953,33.68853328003396
0,2,6.9410132163227125,62.99883109257572
0,2,68.46713686584752,2.4667562796105087
0,1,32.37844517610464,39.07787308050532
0,1,37.7628899014976,20.414327929308687
0,2,45.811596264305436,0.6732101136674524
0,2,1.9236134845171011,58.530249808327206
0,2,15.591278563305162,67.38711398516783
0,2,53.30218538901381,18.150988151081254
0,2,3.839533022049289,56.78896870581947
0,2,69.69406115154712,3.9750254549015342
0,2,54.15161679644628,1.8434665690428804
0,2,45.56518358223072,65.89640823807588
0,2,67.58021828658563,2.0119222631986893
0,2,45.105146443229806,57.67282190763496
0,2,67.79694188974699,30.217379538887556
0,2,46.58170989313594,11.649004243177652
0,2,64.1900010437081,43.457160724674246
0,1,32.327318635491004,32.31173998971379
0,3,46.65340053774734,6.077482187832994
0,2,48.11131809885967,7.469832239148675
0,2,23.60578488586562,68.96917991444992
0,2,68.92138570034868,45.44186538524173
0,2,25.54794367583787,66.62495870903248
0,2,35.44468684043071,4.088534948156289
0,2,46.865157284757224,10.674034301168922
0,2,68.94443911337635,50.21159286585963
0,2,60.16071866415306,1.3086617040844124
0,2,15.171677065322699,69.70428419461402
0,2,12.217917983264089,69.97236269141573
0,2,61.14497972750426,38.67079837204639
0,2,65.19992476398107,38.52321152599697
0,1,49.64581013961303,16.961360575539956
0,2,20.290486666822037,66.78801028974908
0,2,50.02562414361528,64.93854978747464
0,2,66.14728433688201,45.75023516385707
0,2,20.56573546554463,60.69179542208112
0,2,47.41240863653793,59.18662931252309
0,1,57.22716107906964,60.577529902125114
0,2,39.441928428966364,8.551932502284101
0,2,29.416136388563025,61.244400207214554
0,2,6.193755914661753,66.13562088153778
0,2,51.656529873717375,1.5487495297124372
0,2,9.971635875176016,68.81791805789024
0,2,39.87995065982133,5.8550377323205955
0,2,41.02152453993073,3.151688304456037
0,2,57.595882176282856,1.7550014020392508
0,2,62.138349154226546,34.65275318662953
0,2,36.01104361908241,7.000336915683281
0,2,2.790939899442635,62.18982367485429
0,2,18.200756785333716,65.86127248143997
0,2,28.981321915107614,62.885108489723486
0,2,61.92313034406637,38.07949065416374
0,2,11.328612917714684,69.60766180667727
0,2,9.990072519314527,55.90586780131571
0,2,18.246569026745178,64.492209441571
0,1,22.912309738989816,17.145415123308354
0,2,3.6704756099839266,66.3900979352576
0,2,43.805375280412434,69.95994082514311
0,2,1.021498296953497,55.3141165972933
0,1,53.90497775424419,47.53549738023929
0,2,7.597260718413905,62.35633554849274
0,2,24.08545890971669,67.10096155158973
0,2,61.41346011748835,49.57192823713632
0,2,53.00366354450864,5.48164404472831
0,2,50.07765028662303,65.93075633681241
0,2,54.81124309852738,1.1042037585924513
0,2,64.14483497316283,38.82232505801989
0,3,21.124907418316898,32.696723557583674
0,3,30.451432858571042,64.2055279133877
0,3,22.988497964227335,55.90573568622387
0,3,43.02961603038247,23.44683034530127
0,3,19.157162505362063,35.37387816619606
0,2,11.221415958060458,58.547421538573246
0,2,25.60246499608901,64.67586811487794
0,2,24.578439718578505,60.460299517489354
0,3,53.328631387543304,54.7200351209277
0,3,59.17957275801237,30.150292846586286
0,3,53.71502056399789,19.834478896722747
0,3,57.15131991811472,34.277625154578
0,3,18.819787116126452,56.76786118153018
0,3,17.04448805345502,57.70267887518498
0,3,13.777692763513242,56.65834796203733
0,3,12.239637087386502,55.480371113469225
0,2,12.841477913347617,68.42968324139754
0,3,3.4510581071984925,53.22174699003712
0,2,37.00966684795127,66.87921001216172
0,3,18.322200065848154,58.036576723870354
0,3,22.61744160294162,57.043677178179614
0,3,24.269412605010697,56.757326517385486
0,2,10.873012085764001,61.801462714718646
0,3,30.79917990360948,62.75318206935729
0,2,62.88434480648121,42.20464928724238
0,2,49.547753138187616,3.9279415425682846
0,3,34.933682279726234,59.010640076838364
0,3,39.784759505695696,55.59059065298623
0,3,32.79860461587796,61.06885419871797
0,2,46.16386621397594,12.57987189432179
0,2,2.49461065194408,57.75465615605657
0,3,21.043779460232386,56.65846085413259
0,3,13.681599968823178,54.940922201979724
0,3,7.85215908932548,53.79916485742072
0,3,25.188709995153996,48.37146239555606
0,2,67.48578393428305,34.141014097909576
0,3,23.245855393262943,46.21653462973983
0,3,35.45490402338779,56.555715480539796
0,2,8.713550545229001,63.706721779821876
0,1,43.35378569915048,37.17428624791704
0,3,4.793993157234283,53.45018933951072
0,2,64.36971436115878,29.873440035472914
0,2,23.777475073574493,64.150040929815
0,2,6.942975633143542,64.8303607358719
0,2,41.9069924349951,66.00356355418097
0,3,26.50293910458915,47.64222766636969
0,3,22.025231024629274,45.63967856517692
0,3,31.567531811593344,41.3167482472817
0,2,2.085256639513734,62.82572928652285
0,3,0.7013612098434497,47.554335890136755
0,2,41.17404183305507,4.908996767432248
0,2,64.2671968076771,46.30912343771531
0,2,51.11462396427123,6.3682809068143
0,3,25.605674418985917,49.59169991526602
0,3,31.004459071072468,51.67599883364351
0,3,38.18687082846322,42.610401445761134
0,2,27.382908014917835,60.21484673904126
0,2,37.460030930353035,6.867832482341136
0,3,17.991557130430174,46.12132234079727
0,3,20.916904926321912,46.11026839603336
0,2,67.73421774771808,53.94323533221469
0,2,68.71338238728332,37.97301060768973
0,2,34.801677232899735,10.800958911267198
0,2,19.717044109819415,61.15174036376817
0,2,63.36515581605851,49.15476166868972
0,3,28.22673122929349,48.292393886519136
0,2,7.842243998179286,61.07679751478047
0,3,38.50066716156268,55.50448168177315
0,3,16.417059486679808,47.39429651022055
0,3,13.472916080643683,51.20248338528491
0,3,11.078737865894265,55.76876539483743
0,3,29.151939016388454,32.95021844055399
0,3,33.82293641302511,38.664147568279134
0,2,2.1023895545678064,69.95847958844698
0,2,43.58155152603019,3.8877237069358723
0,3,18.30223806468162,32.87125630763627
0,3,5.891763738608562,42.66349725828257
0,2,60.401045696054446,36.92585229344678
0,2,40.38012931363158,6.6942782990029706
0,3,20.566319978168007,42.38821411803164
0,3,17.162596655748715,35.96362017301758
0,3,17.726251677172733,33.97655258124961
0,3,15.403081578304377,33.98622152275788
0,3,16.99393957347132,33.02214843913723
0,2,8.010721350454487,66.08219167083043
0,2,8.341336378882847,59.53544967608766
0,3,31.012908832362108,31.751470625750535
0,2,52.14312121638357,6.872110900909743
0,3,35.20069842779855,40.665220446448245
0,3,25.159800212328634,45.671259120885864
0,3,20.46286475480449,35.60177996555861
0,3,17.63748475343041,37.7096876031263
0,2,44.49148549642424,2.1005441447306
0,3,16.122423785875444,35.365036031949444
0,3,17.848743029241305,44.92385296211298
0,1,48.358396214597605,48.65988748748167
0,3,36.510642216771366,57.1241522685026
0,3,63.112073162090034,7.823792881877967
0,2,7.33354367813009,68.59895995648719
0,2,5.515598239250318,57.56515293142675
0,3,54.032447025521805,67.02033168753835
0,2,65.36847063011231,31.3433367552176
0,3,50.79118668645687,63.391098626859524
0,3,48.79422422734256,61.09307229627593
0,3,46.1926634391976,57.507669915167014
0,2,14.606213772342473,67.64093559598933
0,3,43.20006107481476,56.869613435654784
0,3,52.79909651936255,65.43959217319903
0,1,58.133218426454114,19.484733195965752
0,2,28.47437611773764,67.46358320818544
0,2,6.000627530159462,63.09961822468219
0,3,55.098310343110654,68.2787751854624
0,3,57.05804782132441,67.73186993873799
0,3,68.42956860261116,67.3121749000992
0,3,64.41875546323064,65.17574029391258
0,3,67.96732862624764,61.97765670832201
0,3,68.8013340743123,64.20375088149532
0,2,51.17671649064785,0.6140937195823487
0,2,51.27360629262803,2.967609466009198
0,3,48.563369465068895,62.319066383269686
0,3,49.886765698093,62.60248499129417
0,2,62.38806594340047,1.046565337306473
0,2,35.400638702252195,2.672832847988973
0,2,39.69198715269642,4.133340545935643
0,3,52.4154260875055,50.60950708869529
0,2,21.58881056413979,59.48162965838691
0,3,56.20850460922134,59.14693393010345
0,2,25.569575351830395,65.64973432992771
0,2,43.26820014118425,59.69977417749682
0,3,61.347650121023264,54.114731236968325
0,2,15.562785725282092,66.4828443591403
0,2,67.75238895294885,37.48488964646193
0,1,20.008170886413122,27.31721164007762
0,3,57.843172326219204,45.98614327001746
0,3,57.656995035480094,40.225660322353086
0,3,58.97559253629257,49.24302386253701
0,2,28.083376742426974,65.52091106963903
0,2,43.45486726603297,10.443630471661248
0,3,45.38350896219681,42.58302573416543
0,3,46.386743168048845,38.24328704763419
0,2,13.923094045063406,60.790337885264925
0,2,13.11822022826424,65.51714668063873
0,3,42.922580339868524,46.948050174799306
0,3,49.49943765479491,40.70214441120318
0,3,43.7462753472316,34.08705195519149
0,3,48.80490934310723,32.16959172339261
0,3,57.742261417158694,51.72456975362261
0,2,12.430268243258784,61.96916515827179
0,2,4.000103257716272,55.12133057205896
0,2,1.3890127560170098,7.934580576665165
0,2,1.7789872927640584,54.67726983880298
0,3,66.85254787034556,54.977272435221465
0,2,39.156416302843446,63.3662789635327
0,2,62.928814534970606,50.9478769022407
0,1,14.708993533409313,29.165117409686545
0,2,36.263202323492365,10.274873274731338
0,2,63.49556440254144,31.648088778484478
0,3,57.8614146091064,68.89533871987591
0,2,42.76992365434045,64.0350319368056
0,2,14.098986334626227,61.961457558503206
0,3,48.629836218954964,46.98366706274099
0,3,46.75057662425164,31.767846187477403
0,2,46.003223886492364,8.993051458889711
0,3,57.81619678529628,44.398791600021724
0,2,34.6897159319789,68.40169871339283
0,3,59.40273893179336,50.36851183449448
0,2,58.918345048954414,46.216491883580936
0,2,63.090668555176606,5.718686388844517
0,2,5.113083881058216,69.78007049246473
0,2,37.696346861170426,0.8023814350283028
0,3,58.30278272313405,39.12755950629584
0,2,55.35304746499216,5.229771745511141
0,2,35.07610038744857,9.842688631610008
0,2,42.85085125940167,65.90667107299646
0,3,40.148405652725,38.70835703530429
0,3,41.58801179871987,38.24483854893387
0,3,35.90031097320158,39.68989622826551
0,2,41.88619135703795,5.784794600148012
0,3,33.46862055768285,60.07370320529088
0,1,50.26858318201211,41.17174645108923
0,2,51.98532799106341,18.721908680843253
0,2,27.143074205622792,65.80061172656492
0,2,66.34885581548816,31.470872406222124
0,3,35.5352257853891,57.822281234340046
0,2,34.59153751905859,63.10478706509513
0,3,57.44849624834775,58.222470372210715
0,3,61.136937066264146,68.00004752438159
0,3,67.16860890991542,66.91883490080475
0,2,66.51046524245864,47.74300262060019
0,3,59.71370287882239,53.10577025645727
0,2,63.1576228232016,47.953930390214076
0,3,56.54186187909197,33.2084856461871
0,3,44.7041856590033,56.648552108463605
0,3,48.45619130885285,45.79433196640064
0,2,8.044533785501272,67.9455379543644
0,3,68.63479737500678,60.50179734393298
0,3,67.18256052794827,60.356798098027696
0,3,64.10431055952763,55.32959670651286
0,2,23.529034178780407,57.65316087584118
0,3,47.55863628646049,44.99691047531469
0,3,43.37662414098452,39.77228273786539
0,2,41.30430941834378,8.381973967748003
0,2,66.88031261088612,38.94111402056408
0,2,64.10067450044708,2.7552040636766724
0,3,32.28992182770228,51.984104191606754
0,3,41.83489499236206,49.35473663653378
0,2,66.62520953734011,4.296447194444512
0,3,58.18168956682862,34.892146647370744
0,3,66.80648814106742,57.3816374421033
0,3,69.27202633771344,30.169521737030717
0,2,63.367747988717674,2.083407683084289
0,3,67.51682203552619,12.110150380037805
0,2,61.17173822737965,34.86807323802659
0,2,45.186954497819855,2.8390113412959197
0,3,68.42719419201559,15.87530915395793
0,2,66.57162836846172,40.845021025985794
0,1,30.999439914292637,25.37777804421369
0,3,68.00345751441911,16.998510929678226
0,3,68.66965245669518,21.196940821113948
0,2,63.891957195098335,51.06540957151038
0,2,65.90695388827383,39.214337342220695
0,2,21.97642844041441,58.577861804308824
0,2,34.28403863994964,5.151808792519578
0,2,64.4194785901603,53.13079873127473
0,2,39.14219542473253,64.33254890853273
0,2,35.423287446012594,68.98771889680165
0,3,68.00801878468059,14.505059890919105
0,2,61.25466425073962,31.09176956517862
0,3,62.27751290564363,3.8529526428570047
0,3,61.302937244311934,6.5196231445431705
0,3,62.022825822764055,0.00916296936116105
0,3,58.991738303655715,4.840123623173023
0,3,52.771449656478005,9.411923659283055
0,2,15.56192862691656,64.75675072397765
0,2,14.832979066234522,59.682643233817565
0,3,38.402296538958566,14.951484541667439
0,3,31.03354835283545,6.352319601239896
0,3,36.058853612757076,13.819596800901927
0,2,26.95047501321404,59.251786387725716
0,2,36.24889515546531,68.53990251558305
0,2,12.286534196346752,56.943655439893604
0,2,2.0791527097715257,6.809686049540853
0,3,60.83168223253881,5.029494356468855
0,2,36.70811267222611,60.59368492637695
0,2,46.84330636760905,61.108199870423064
0,3,58.53737974719631,29.136180342456566
0,3,49.188061629610935,7.29147992729468
0,3,61.07914272168974,3.8559876981426626
0,2,66.68822722723702,7.211260571530077
0,3,34.59258999733453,27.958735820892777
0,2,7.074930393912561,65.77825710195084
0,2,64.33535079872162,49.301216437570076
0,3,33.39998331871583,8.580004688839772
0,3,32.79057489379388,4.8065255216474965
0,3,43.190392559739315,1.8128467422018677
0,3,39.88194582154469,13.597728235921556
0,3,44.798409138834856,13.823674905578676
0,2,47.38437196112616,0.883035172691297
0,3,42.08606348350397,20.348899619533064
0,3,32.16273985763129,13.573551682265396
0,3,38.253684825277354,27.136510168516985
0,2,10.847931847972756,57.668398014729036
0,2,24.488412689970044,59.48184175322342
0,2,53.13210911798257,68.91760510571278
0,3,32.25897638357437,8.95400080360465
0,2,46.11754376178614,66.69223616186648
0,3,35.15436776084552,15.203992422093483
0,3,33.667006100687686,11.704316070503799
0,3,37.80176056259368,13.601959069947283
0,2,49.00691192927118,1.2403291419616038
0,3,31.244405612285544,10.948365811850616
0,3,32.79042354147431,10.884601003331579
0,2,10.64779511841326,64.91570032112318
0,2,39.37115637999153,67.92186438998169
0,1,34.03872472273134,59.37790371649683
0,2,8.515903064262268,60.46826502616717
0,3,32.077962451262586,5.766001865383798
0,2,2.5493520720357,67.85186084299089
0,3,35.30449390777863,0.6950405480433768
0,3,33.40811354335068,3.113545555580776
0,2,4.555807396791118,66.1261553937101
0,1,27.123143248654294,10.215006572162606
0,2,39.15694168944944,66.02761844752555
0,3,31.832893319789797,7.302988205772633
0,2,41.342126763767986,69.71785070753599
0,3,35.281198250205435,12.910519824488347
0,2,68.52020735821296,53.336338324985036
0,3,32.93570763142702,12.656395954821933
0,3,30.8174157400129,7.946610710405882
0,3,33.29370793249591,9.792019862885319
0,2,0.9945213810962245,61.52761629393047
0,2,68.80147887442718,40.033257429453045
0,1,45.414101595157504,27.704560053158072
0,2,41.37914580426585,6.615790435030656
0,2,52.69087040399814,19.42864739886471
0,3,40.543077883983756,16.52514404475127
0,2,8.874408642169376,67.43443347830708
0,3,34.878680236020124,14.037575145679169
0,2,65.64401674952164,50.57754801937509
0,3,33.68136719540722,14.108750417446588
0,2,35.94318848081277,9.354775449769939
0,3,42.49422394051349,13.433164421664156
0,2,36.84786999420241,13.054801660032574
0,3,34.08838085869674,12.980728755773065
0,2,52.1752363782161,4.938133694195754
0,2,3.4236188735189708,54.320139687947034
0,3,31.914315519650156,3.9890959722576356
0,2,37.86270207037823,12.414667492428858
0,3,54.865402932252714,66.15352628624444
0,3,53.55748351400004,64.50603097782867
0,3,47.22502837485954,46.414570880316695
0,3,40.50365423684239,54.626160397061696
0,3,44.3191375403746,51.43030129719487
0,3,47.39749642051497,51.53578750569918
0,3,62.94981377174039,55.001988818518356
0,2,11.55610743785597,68.33655960958177
0,3,48.245949356084864,54.15475624229345
0,2,53.04887261849513,2.1408049201378643
0,2,59.89816793466645,46.05196478501407
0,2,20.96810794202548,58.746884333762836
0,1,31.364061318955272,16.27305921797473
0,1,30.79348713245057,23.114589466929484
0,2,47.85227720762038,10.942601643627949
0,1,32.02106758472255,0.47891686852126136
0,1,58.37477293548031,68.14992275905415
0,2,60.92654721509218,51.436404746775914
0,1,29.84688990205619,8.667550887143893
0,2,43.49055033451415,64.74064566548141
0,2,38.28739991626695,58.17437834583948
0,2,62.97697931806019,3.003953455203515
0,2,35.420308297365786,67.75153216043076
0,2,19.173555468718618,69.98308934362508
0,2,2.880458267455697,65.93757947174277
0,2,65.89831602087814,32.302389249405906
0,2,67.06147190394653,32.21915691332506
0,1,17.468706509246687,18.692174078815952
0,2,68.05330977783618,44.975483611400264
0,2,11.815823241162724,57.79946303846184
0,2,45.515331072593256,11.833460511413294
0,2,4.782594129116713,54.5486202152604
0,2,65.39746451200037,53.50848614809778
0,2,37.46932171782247,59.984315400013706
0,2,45.1840201615516,8.534152205594529
0,2,47.61940253606018,9.991091465346594
0,2,47.803839525895704,69.74322676575669
0,2,27.059922322234222,62.49821923667058
0,2,44.135544429066606,61.92529032654705
0,2,68.03896827209643,46.92540026037301
0,2,40.14980587767824,11.230540398880276
0,2,68.18286180229232,42.76906573612032
0,2,38.60285724670328,10.33232771960129
0,2,3.3849837555877778,60.284754726748496
0,2,64.00859295865521,34.08547397503346
0,2,64.46746190205916,50.267210079803675
0,2,49.56611867889512,69.62090808509507
0,2,60.25065377984373,52.14778186002275
0,2,69.0587424769186,32.01885979249641
0,2,24.66398867336529,65.24470373677504
0,2,37.002269739432435,3.5766144745928043
0,2,18.547530910601647,67.16108251755179
0,2,47.44676788445898,62.737102811806835
0,2,66.67684562434097,51.39022782810311
0,2,58.67114737584994,43.330109192067724
0,2,18.930651472269684,69.03663852116661
0,2,43.18004634465727,62.12298747753382
0,2,36.55769462368291,66.0494172489037
0,2,18.832704699427904,60.6498396309967
0,2,4.452370004661956,57.488701297588236
0,2,65.5858537175109,47.634382271911264
0,2,21.83456427837937,69.45950327603188
0,2,7.116327602598399,67.65432238153323
0,2,5.742972880648617,58.58323816063075
0,2,67.88304634093654,4.988038608952027
0,2,68.28544977857712,51.0444743145351
0,2,19.49091920974719,67.33894693372777
0,2,11.574981591759483,62.45897630434449
0,1,13.59969039733169,33.042101267952326
0,1,14.016999717467737,36.96169313718479
0,1,22.456427419716928,51.59260547323885
0,1,32.82779173946215,21.089071270131427
0,2,14.867552704737799,62.54449273870605
0,1,29.771794237077586,36.80630136182392
0,1,20.591117108398254,51.75163910690835
0,1,33.0298567665419,22.92697667345318
0,1,50.446767159669214,21.588295004315334
0,1,35.7279708443252,48.94433339418758
0,1,43.302500817857315,47.82047241392491
0,2,41.454394371971304,12.112669338818842
0,1,57.32100490011769,30.95517779552734
0,2,38.50099384523773,69.87608126525892
0,1,47.63241326341999,47.26123553766269
0,2,60.766700334667675,36.035363386256996
0,2,65.49629031712817,35.75254512787418
0,2,45.82715382601134,2.076310156031533
0,2,1.499894988341931,63.8151357914907
0,2,13.048456630174654,66.49219028705905
0,2,37.19575289222567,63.27934793752704
0,2,43.60090524327238,58.78754321126288
0,2,68.2136983429836,43.74253819670936
0,2,60.903390372959045,40.8941814396927
0,2,44.277501403576494,8.762051703144605
0,2,13.185755287529686,64.5214719719765
0,2,40.7282453339303,0.0477305374472851
0,2,44.65537335237838,0.39333726479808107
0,2,60.52482020066061,48.835767947210975
0,2,65.3510862579665,29.79799376440189
0,2,5.9247786162954545,69.22192712712156
0,2,59.61738915754946,36.322144914654025
0,2,23.03209622093076,23.134570519304784
0,2,3.5551599579096833,61.144051490979294
0,2,46.29156549974399,68.5987360835457
0,2,52.84726380650942,3.1136896361840525
0,2,42.17027484938572,4.856734424986481
0,2,67.96532515719946,50.120671095979525
0,2,7.757302568739287,64.29793278625353
0,2,63.68976111174971,34.99688419003853
0,2,3.404055225335958,64.0293884025083
0,2,66.20859352735548,2.121982825244355
0,2,40.19596942820184,4.9475237566554755
0,2,38.09392343399154,11.195291595799457
0,2,19.2999735045441,61.99729493082739
0,2,67.06032728398263,46.9506497140895
0,2,61.7245522990508,45.46367263129511
0,2,6.094780129769306,55.9766832599252
0,2,5.258274140394999,63.669087754033136
0,2,69.91613968055805,32.527112888550135
0,2,64.95220174911309,39.471671158486764
0,2,47.62414456710916,61.748704364379016
0,2,16.57058748601116,62.63061113940193
0,2,62.58564228350033,52.14786061325896
0,2,41.69285511280396,65.05321527619382
0,2,43.17672185112654,11.351176614280378
0,2,61.062199440770605,50.477325224469794
0,2,3.4861230401669325,57.698018806516515
0,2,23.88648399779955,66.01435504621682
0,2,42.92277134844792,68.78767891828407
0,2,60.216147172585686,38.32271568479062
0,2,8.035403190825622,57.66388335388085
0,2,42.44300616900334,11.991498816073863
0,2,40.28775692284002,58.22926917054097
0,2,0.39098209024262043,69.49810860868392
0,2,35.40241392710855,62.541085690376825
0,2,65.79924031932448,6.527803024140629
0,2,36.29915335408141,8.441501259996217
0,2,51.990835874461936,5.900925125098781
0,2,37.440790676930185,10.449680228976879
0,2,17.64858863860117,63.32657836540342
0,2,66.68075870474821,3.3253259472707652
0,2,45.052494333960624,9.518560966373885
0,2,65.30075693336407,1.7040362969029892
0,2,47.08792830467023,69.10687746850645
0,2,44.42470878160169,66.2799530630006
0,2,57.474182792392995,0.010306800588091553
0,2,41.21685051018917,62.68309173473343
0,2,24.712218870782845,66.38136481188637
0,2,50.360666826519406,7.788491698838968
0,2,44.82349812398773,69.26763942958046
0,2,27.277507469225526,66.75119809169405
0,2,35.90697275411292,66.76404841773777
0,2,43.01773256410215,63.0951065767936
0,2,15.795846426145927,57.23239638579083
0,2,16.68079567992214,58.93418346507936
0,2,0.2959203868258262,57.555747492873756
0,2,69.7923865492981,40.20646298034092
0,2,63.639317663360224,3.7525580106023995
0,2,66.93836423111784,6.280295025491594
0,2,58.440913093599086,0.2655958449357947
0,2,62.780904099488794,41.248521185671414
0,2,37.27715346144219,8.626184118842989
0,2,0.7394201322826182,56.67568415122541
0,2,64.01150651341754,48.38351700598979
0,2,63.90546214972824,32.52901004915628
0,2,67.45993100459208,35.48850104842115
0,2,65.55441538099798,42.10281555285017
0,2,65.50532937859869,33.2004139305376
0,2,6.616997680602208,58.851022902640615
0,2,32.86766945248658,65.47999890810209
0,2,36.448776594720115,2.4355597600217314
0,2,18.43719306022746,62.57057960833369
0,2,37.40480047619844,2.6893407274761087
0,2,67.11472205006784,43.327741806599654
0,2,59.637165930922095,3.947088202133099
0,2,68.77525474896352,41.98637695198262
0,2,35.64510115261002,64.49920686192374
0,2,0.32789040405889597,11.581176314812557
0,1,20.049134593305148,30.196446060905696
0,1,8.955661979613724,41.92520553299693
0,2,31.051341303048588,67.43227844349842
0,1,30.307880337125873,9.514587735599765
0,1,25.627720311822316,33.64405359482665
0,1,32.02618105484159,38.277421467516405
0,2,35.47680375531304,63.534291294782726
0,2,36.93881225434946,9.553747089581417
0,1,36.33081230356971,25.110529192238534
0,1,36.06395877537696,37.39006590895042
0,2,64.60708139452926,37.751925571771196
0,2,14.846734158692406,63.535678320356396
0,1,56.77378290687778,23.441666431230352
0,1,50.12694605924961,43.655231245895365
0,1,57.002557983362706,51.21037279508604
0,2,13.872602820528831,59.52972923744869
0,2,28.111620825441868,68.65031894627585
0,2,63.557842901975825,51.99350251377846
0,2,24.452433168754837,58.48927037695993
0,2,27.52895296924343,69.51662897602547
0,2,68.60437315382573,36.98647343295535
0,2,60.908608359018075,47.75628451582209
0,2,62.08631560645411,39.024017818299086
0,2,22.732660479958604,64.11401233484752
0,2,65.42311321221517,5.211261190908848
0,2,60.887569500064025,0.622083363108577
0,2,60.99187224442742,2.309174790397074
0,2,36.81003902250307,7.603084624170987
0,2,62.7958339402653,36.514639867105785
0,2,29.28994084518726,66.93913006943085
0,2,44.09680961856795,9.700228250419011
0,2,1.2723777516468981,64.98473486388538
0,2,21.194672400424523,62.80469395359255
0,2,69.57894819477454,37.11279743139678
0,2,41.53586295970841,10.147071650638374
0,2,63.30520953717639,46.45880207577875
0,2,0.8023118447325901,12.509124837643313
0,2,26.927665157912912,61.08746957232097
0,2,62.092004361597205,44.56785899730237
0,2,64.11002520780475,42.493239804041536
0,2,15.021008854021145,57.89448301792839
0,2,40.03964867667221,60.3159421932103
0,2,69.25845385769364,33.2745154302156
0,2,25.547160911126895,68.56294031300828
0,2,38.63159440544599,67.34745105972142
0,2,63.151296820515306,40.355317014953805
0,2,55.890411485586135,0.8444798370460127
0,2,5.157855355777737,60.19686556113876
0,2,53.89537090330516,8.756810628946758
0,2,0.5573303004026798,4.609777618405067
0,2,34.61960392320825,69.5290308474918
0,2,47.238525936301876,68.13980126680893
0,2,69.98332758204785,51.977970890505325
0,2,40.92490960382883,7.494610033436804
0,2,63.68716053478203,37.87282500488915
0,2,37.27337118652745,61.36820927149757
0,2,65.7090576424781,34.8142990435898
0,2,4.940904833210612,59.245495294470224
0,2,14.855082521080144,60.63077927304765
0,2,68.42186018380916,47.831350198764184
0,2,61.87848634171394,40.89612817943617
0,2,39.13364749713222,60.70129773486127
0,2,64.77339490714662,44.99469926613771
0,2,59.6247830756821,37.523681250203175
0,2,48.580800046163326,3.1784979003094436
0,2,2.8773209407850215,56.87407233313296
0,2,41.34655330042254,3.854895569466924
0,2,27.781408421985304,58.71974707932252
0,2,50.96727711052794,65.48134943843203
0,3,51.57415245326861,9.491439981751947
0,2,37.83332243233768,4.017739438346731
0,2,34.28034429509354,9.239238219943505
0,2,65.66294111881417,4.3372264175200685
0,2,63.999381866086665,7.1804393397759965
0,3,43.0152170277702,2.965245926368403
0,2,36.07202631391784,61.81801020214897
0,2,44.536498209076115,11.943560165546867
0,2,67.58605382074151,51.7395227105495
0,2,23.66690497781846,65.1027563885322
0,2,34.28505973620321,65.80320283345004
0,2,64.68418072568547,41.542814400803444
0,2,29.858350902491086,63.321447265538225
0,2,33.93374849457142,6.589896623885578
0,2,35.78891674823295,69.8796489999556
0,2,25.96117868293415,60.931944205555865
0,2,37.51775077641423,57.56085214204853
0,2,42.21427263938214,62.20456059706687
0,2,38.21332096721659,61.0572589244859
0,2,61.8160756548109,31.906049851172565
0,2,69.21118703401599,48.410632167149096
0,2,13.960742807124277,63.95926498868723
0,2,27.1288081669047,68.48848262534877
0,2,29.9462100391302,67.67492294486495
0,2,40.66873225814577,61.05273141178053
0,2,50.912409198172085,64.48427155031908
0,2,49.16281950461013,68.31579287895607
0,2,37.72589003235567,67.48422553307425
0,2,12.513981845404487,60.89089983381241
0,2,65.7204738362951,7.477199893623202
0,2,62.90854716840485,45.6138185828616
0,2,59.34172848928405,35.04637233329955
0,2,39.45390183913815,59.53874097910054
0,2,0.44195610495999044,59.65402949703593
0,2,69.5760783626954,39.06422332721965
0,2,5.548025726134403,62.051286828157
0,2,35.97432638181935,12.068094868372436
0,2,14.545296132082822,58.75399408705554
0,2,12.652312222862042,58.304813313752035
0,2,44.75588926796507,65.36865433220358
0,2,64.97224453653507,48.55435938195053
0,2,48.8427428748231,2.2228737786696104
0,2,68.67070883815417,0.36156405096011035
0,2,5.182806723411307,67.4936215378815
0,2,35.84452128482847,65.4445826922455
0,2,66.40603355890188,52.33757284223271
0,2,6.417244029688307,68.32188080230046
0,2,60.74399435454077,33.25024916452957
0,2,28.181173803210243,59.63322149691593
0,2,46.63737333746704,4.99015223135888
0,2,15.506353241674654,58.98653766580911
0,2,52.99390185208944,8.33510542050007
0,2,34.52319765051894,8.000067817404489
0,1,14.872181395976133,53.81476983187074
0,1,30.05861517343113,13.572187046466961
0,1,29.958317367200525,29.932845567846332
0,1,27.477629835622267,40.51664786097497
0,1,30.1026379826492,54.044859513304175
0,1,39.91864536001219,17.262669799142767
0,1,40.21394121280966,30.615215672575633
0,1,44.36798271487663,39.64445544148153
0,2,21.56191891511506,66.36561574629826
0,1,54.4863584015652,17.0776560449466
0,1,55.564506522892856,30.938507188242173
0,1,54.370197686083515,43.28443777997651
0,1,54.407466566066006,56.5951765274744
0,2,53.66166270678447,3.7353359945731004
0,2,51.253148704418805,68.30679133472091
0,2,68.48686253690053,30.939657078487755
0,2,1.0920761786567377,14.329807822108826
0,2,65.0788791356905,34.06802369636306
0,2,0.25137241228752466,1.650262713924999
0,2,3.992177654094911,69.5657265727431
0,2,9.267724110501229,62.091057950628866
0,2,47.095093529416474,66.69096301824855
0,2,3.0187496414801296,58.54192859347302
0,2,4.308748668775226,63.64105888477365
0,2,63.05699748195238,53.9072149754639
0,2,59.52582681518615,51.460951012225834
0,2,0.034501035029423525,55.32230915726583
0,2,10.13618183102672,62.405170026480874
0,2,65.25515204791668,49.659805635535996
0,2,19.0157174766932,65.33401073878979
0,2,63.91061202272225,6.2220456004543925
0,2,33.39339044291673,5.750512466782004
0,2,34.7626108163718,11.803605794071771
0,2,16.636399731270284,63.59081451355692
0,2,67.77202401745943,0.9731414408825677
0,2,62.846347406600024,29.909589501184865
0,2,40.065173708685556,3.2532484401694584
0,2,53.048254648884736,4.49492396502821
0,2,62.22259753372847,46.28754615723149
0,2,43.82033724871305,5.526061984389559
0,2,66.31460808845478,42.75398952061291
0,2,38.43248965796675,5.970539862920594
0,2,47.346666621227634,8.0905890447486
0,2,66.96308143912962,50.46606162780048
0,2,3.4872350698540293,68.47178431963812
0,2,25.924725826473782,63.75154054059818
0,2,23.864729001040892,24.39400046218067
0,2,64.53294216790127,52.13174536744837
0,2,42.60088373030489,64.98390533808264
0,2,51.37091981414836,4.3833653286699255
0,2,37.731773209867065,69.00302777572965
0,2,62.89198226992531,4.752597706501833
0,2,59.63909766768238,43.53517390546603
0,2,1.0124962891404112,58.859908071872994
0,2,0.7019385299591127,68.56068943516205
0,2,1.1845579842887972,2.0530166519885205
0,2,32.802407399180524,69.49553350074142
0,2,12.003307686112098,59.03313954659471
0,2,43.94061588596984,62.872544376100755
0,2,21.718352617992533,65.41187447234074
0,2,45.498848021604736,7.642028900507705
0,2,44.39404915089481,64.48751026632303
0,2,9.807005030191805,65.3781625362045
0,2,67.95349415768803,31.780369068072
0,2,67.2612230672088,52.84164509381482
0,2,9.745665332517579,66.32404661651658
0,2,28.637620505334915,61.96174195819742
0,2,64.30606461621844,1.7523926226648308
0,2,15.732288826130446,62.1256259119201
0,2,33.83106074589384,63.73861355186891
0,2,0.32700961461384326,9.633094626048484
0,2,21.75039231060338,67.99981553389307
0,2,49.54176798395474,2.933269561069015
0,2,26.38582084110809,69.09367199131196
0,2,12.242434043245748,59.95588989490981
0,2,59.334644249934456,2.995011986151083
0,2,15.983712398101016,69.11692974317147
0,2,6.811345601055763,60.67748696520228
0,2,6.4297946139460604,57.90169482008973
0,2,46.51985698432544,1.3638135268884142
0,2,4.621335599945986,61.84493975905444
0,2,69.30033964434958,53.949551152106736
0,2,64.85586948689485,51.17396073218489
0,2,65.73018467082892,51.59283305997709
0,1,13.120279381209512,55.648947621529736
0,1,29.04494058469199,13.95237747042555
0,1,27.62171192813825,28.627875345337035
0,1,28.924363112846244,42.46643495643514
0,1,28.26814908419844,55.84114117473498
0,1,42.54394870998376,15.200410815899549
0,1,41.71934611880671,27.851374742821704
0,1,42.76230814244634,42.00492850769281
0,1,41.960026241682506,55.63678419974416
0,1,54.84153425651971,13.592435604139338
0,1,56.95527487418583,27.922132625402398
0,1,55.591795028968384,42.057930670603845
0,1,55.51398406859687,55.648945106395644
0,2,38.94730444818892,69.03116822582615
0,2,64.84349936594302,6.6726169489216165
0,2,1.2787660775666256,9.928742361170961
0,2,44.8550524769298,62.59731933546928
0,2,54.007150551468804,7.21857850575982
0,2,61.88540709152201,47.735837960468004
0,2,69.0850788366868,34.25848240003755
0,2,45.15578440336951,66.79962260768635
0,2,18.179304860116375,59.84893081112282
0,2,48.68182550265989,5.145782980132111
0,2,18.14269477282528,69.73429438288525
0,2,63.908896339651214,36.89321783399579
0,2,2.1370676714484556,11.028436224076952
0,2,44.425447111569575,59.32972586152327
0,2,38.78608045031384,7.846830542406483
0,2,45.00589702399662,10.511142256713226
0,2,1.4924994727042638,11.792284928905826
0,2,1.9031252478231073,61.85693368451327
0,2,4.486410990644961,56.05894682951963
0,2,34.75034813146587,6.027828699993155
0,2,64.64677310829926,47.64619190705323
0,2,45.18521309834111,60.75533899946667
0,2,36.5526771221037,59.63031906813751
0,2,6.948720276236856,66.7243985557822
0,2,50.748483563839066,67.45607406403238
0,2,24.173114912403516,63.00687235982242
0,2,37.14455619755628,68.22192590356131
0,2,23.673348027709963,67.98368023062955
0,2,44.874379844705096,6.923974501839258
0,2,10.209026940601202,59.74773244439365
0,2,36.386850343400326,63.920846428143705
0,2,30.328479664506606,66.75474547228971
0,2,15.807033040671985,60.66591384868927
0,2,67.72454098744275,39.457238712163445
0,2,47.22300354397907,63.90521383818343
0,2,18.755254793830037,59.070072482299004
0,2,8.199662409664578,69.00344721753092
0,2,66.83877212810177,1.3481437981688207
0,2,40.944209660915824,63.64922860660608
0,2,23.281878844127675,63.32381758318714
0,2,62.605060733733595,31.363173113541116
0,2,19.324553063346958,62.95321814151796
0,2,4.22813406944586,64.55535333081305
0,2,65.1883434221159,45.84391278130698
0,2,2.424837039310992,59.3330934302945
0,2,48.21966919383471,6.490059502893334
0,2,17.496972257331503,62.39358625493432
0,2,66.96952492236588,5.192635267520162
0,2,8.83432505933815,66.51453862440917
0,2,39.45515311382967,66.93164523182071
0,2,42.064891501867834,63.1334992354667
0,2,15.62397338875448,65.6139484144052
0,2,33.42797808681605,66.18697020149213
0,2,64.42928651180307,31.721605070549217
0,2,45.546752086517444,67.60913966040697
0,2,26.407444026516135,66.7155081089085
0,2,66.19783270945179,5.6907665242878736
0,2,67.52956983691752,49.568643285917446
0,2,11.615439037992191,69.00058084845122
0,2,41.89169205115307,4.238650943235685
